{
  "Date":["09/17/1908","07/12/1912","08/06/1913"],
  "Time":["17:18","06:30",""],
  "Location":["Fort Myer\t Virginia","AtlantiCity\t New Jersey","Victoria\t British Columbia Canada"],
  "Operator":["Military - U.S. Army","Military - U.S. Navy","Private"],
  "Flight #":["","","-"],
  "Route":["Demonstration","Test flight",""],
  "Type":["Wright Flyer III","Dirigible","Curtiss seaplane"],
  "Registration":[0,0,0],
  "cn/In":[1,0,0],
  "Aboard":[2,5,1],
  "Fatalities":[1,5,1],
  "Ground":[0,0,0],
  "Summary":["During a demonstration flight\t a U.S. Army flyer flown by Orville Wright nose-dived into the ground from a height of approximately 75 feet killing Lt. Thomas E. Selfridge who was a passenger. This was the first recorded airplane fatality in history.  One of two propellers separated in flight tearing loose the wires bracing the rudder and causing the loss of control of the aircraft.  Orville Wright suffered broken ribs pelvis and a leg.  Selfridge suffered a crushed skull and died a short time later.","First U.S. dirigible Akron exploded just offshore at an altitude of 1\t000 ft. during a test flight.","The first fatal airplane accident in Canada occurred when American barnstormer\t John M. Bryant California aviator was killed."]
}